date,station,aqi,month,season
2025-01-01,noida_sector_1,379.0,1,Winter
2025-01-02,noida_sector_1,379.0,1,Winter
2025-01-03,noida_sector_1,337.0,1,Winter
2025-01-04,noida_sector_1,362.0,1,Winter
2025-01-05,noida_sector_1,399.0,1,Winter
2025-01-06,noida_sector_1,374.0,1,Winter
2025-01-07,noida_sector_1,377.0,1,Winter
2025-01-08,noida_sector_1,397.0,1,Winter
2025-01-09,noida_sector_1,374.0,1,Winter
2025-01-10,noida_sector_1,367.0,1,Winter
2025-01-11,noida_sector_1,388.0,1,Winter
2025-01-12,noida_sector_1,398.0,1,Winter
2025-01-13,noida_sector_1,394.0,1,Winter
2025-01-14,noida_sector_1,396.0,1,Winter
2025-01-15,noida_sector_1,349.0,1,Winter
2025-01-16,noida_sector_1,340.0,1,Winter
2025-01-17,noida_sector_1,379.0,1,Winter
2025-01-18,noida_sector_1,373.0,1,Winter
2025-01-19,noida_sector_1,396.0,1,Winter
2025-01-20,noida_sector_1,363.0,1,Winter
2025-01-21,noida_sector_1,371.0,1,Winter
2025-01-22,noida_sector_1,417.0,1,Winter
2025-01-23,noida_sector_1,342.0,1,Winter
2025-01-24,noida_sector_1,338.0,1,Winter
2025-01-25,noida_sector_1,384.0,1,Winter
2025-01-26,noida_sector_1,384.0,1,Winter
2025-01-27,noida_sector_1,371.0,1,Winter
2025-01-28,noida_sector_1,366.0,1,Winter
2025-01-29,noida_sector_1,342.0,1,Winter
2025-01-30,noida_sector_1,382.0,1,Winter
2025-01-31,noida_sector_1,355.0,1,Winter
2025-02-01,noida_sector_1,355.0,2,Winter
2025-02-02,noida_sector_1,355.0,2,Winter
2025-02-03,noida_sector_1,347.0,2,Winter
2025-02-04,noida_sector_1,332.0,2,Winter
2025-02-05,noida_sector_1,370.0,2,Winter
2025-02-06,noida_sector_1,343.0,2,Winter
2025-02-07,noida_sector_1,371.0,2,Winter
2025-02-08,noida_sector_1,356.0,2,Winter
2025-02-09,noida_sector_1,367.0,2,Winter
2025-02-10,noida_sector_1,329.0,2,Winter
2025-02-11,noida_sector_1,368.0,2,Winter
2025-02-12,noida_sector_1,368.0,2,Winter
2025-02-13,noida_sector_1,392.0,2,Winter
2025-02-14,noida_sector_1,352.0,2,Winter
2025-02-15,noida_sector_1,361.0,2,Winter
2025-02-16,noida_sector_1,369.0,2,Winter
2025-02-17,noida_sector_1,308.0,2,Winter
2025-02-18,noida_sector_1,332.0,2,Winter
2025-02-19,noida_sector_1,371.0,2,Winter
2025-02-20,noida_sector_1,334.0,2,Winter
2025-02-21,noida_sector_1,373.0,2,Winter
2025-02-22,noida_sector_1,352.0,2,Winter
2025-02-23,noida_sector_1,352.0,2,Winter
2025-02-24,noida_sector_1,363.0,2,Winter
2025-02-25,noida_sector_1,330.0,2,Winter
2025-02-26,noida_sector_1,356.0,2,Winter
2025-02-27,noida_sector_1,342.0,2,Winter
2025-02-28,noida_sector_1,329.0,2,Winter
2025-03-01,noida_sector_1,366.0,3,Spring
2025-03-02,noida_sector_1,359.0,3,Spring
2025-03-03,noida_sector_1,343.0,3,Spring
2025-03-04,noida_sector_1,312.0,3,Spring
2025-03-05,noida_sector_1,323.0,3,Spring
2025-03-06,noida_sector_1,350.0,3,Spring
2025-03-07,noida_sector_1,320.0,3,Spring
2025-03-08,noida_sector_1,379.0,3,Spring
2025-03-09,noida_sector_1,314.0,3,Spring
2025-03-10,noida_sector_1,313.0,3,Spring
2025-03-11,noida_sector_1,360.0,3,Spring
2025-03-12,noida_sector_1,345.0,3,Spring
2025-03-13,noida_sector_1,333.0,3,Spring
2025-03-14,noida_sector_1,363.0,3,Spring
2025-03-15,noida_sector_1,332.0,3,Spring
2025-03-16,noida_sector_1,339.0,3,Spring
2025-03-17,noida_sector_1,335.0,3,Spring
2025-03-18,noida_sector_1,336.0,3,Spring
2025-03-19,noida_sector_1,337.0,3,Spring
2025-03-20,noida_sector_1,334.0,3,Spring
2025-03-21,noida_sector_1,325.0,3,Spring
2025-03-22,noida_sector_1,329.0,3,Spring
2025-03-23,noida_sector_1,332.0,3,Spring
2025-03-24,noida_sector_1,324.0,3,Spring
2025-03-25,noida_sector_1,309.0,3,Spring
2025-03-26,noida_sector_1,301.0,3,Spring
2025-03-27,noida_sector_1,337.0,3,Spring
2025-03-28,noida_sector_1,312.0,3,Spring
2025-03-29,noida_sector_1,320.0,3,Spring
2025-03-30,noida_sector_1,313.0,3,Spring
2025-03-31,noida_sector_1,332.0,3,Spring
2025-04-01,noida_sector_1,316.0,4,Spring
2025-04-02,noida_sector_1,313.0,4,Spring
2025-04-03,noida_sector_1,311.0,4,Spring
2025-04-04,noida_sector_1,314.0,4,Spring
2025-04-05,noida_sector_1,325.0,4,Spring
2025-04-06,noida_sector_1,325.0,4,Spring
2025-04-07,noida_sector_1,314.0,4,Spring
2025-04-08,noida_sector_1,301.0,4,Spring
2025-04-09,noida_sector_1,309.0,4,Spring
2025-04-10,noida_sector_1,295.0,4,Spring
2025-04-11,noida_sector_1,300.0,4,Spring
2025-04-12,noida_sector_1,292.0,4,Spring
2025-04-13,noida_sector_1,323.0,4,Spring
2025-04-14,noida_sector_1,311.0,4,Spring
2025-04-15,noida_sector_1,250.0,4,Spring
2025-04-16,noida_sector_1,283.0,4,Spring
2025-04-17,noida_sector_1,238.0,4,Spring
2025-04-18,noida_sector_1,298.0,4,Spring
2025-04-19,noida_sector_1,304.0,4,Spring
2025-04-20,noida_sector_1,180.0,4,Spring
2025-04-21,noida_sector_1,285.0,4,Spring
2025-04-22,noida_sector_1,245.0,4,Spring
2025-04-23,noida_sector_1,301.0,4,Spring
2025-04-24,noida_sector_1,281.0,4,Spring
2025-04-25,noida_sector_1,286.0,4,Spring
2025-04-26,noida_sector_1,256.0,4,Spring
2025-04-27,noida_sector_1,289.0,4,Spring
2025-04-28,noida_sector_1,258.0,4,Spring
2025-04-29,noida_sector_1,280.0,4,Spring
2025-04-30,noida_sector_1,201.0,4,Spring
2025-05-01,noida_sector_1,233.0,5,Summer
2025-05-02,noida_sector_1,247.0,5,Summer
2025-05-03,noida_sector_1,231.0,5,Summer
2025-05-04,noida_sector_1,187.0,5,Summer
2025-05-05,noida_sector_1,190.0,5,Summer
2025-05-06,noida_sector_1,206.0,5,Summer
2025-05-07,noida_sector_1,229.0,5,Summer
2025-05-08,noida_sector_1,198.0,5,Summer
2025-05-09,noida_sector_1,183.0,5,Summer
2025-05-10,noida_sector_1,215.0,5,Summer
2025-05-11,noida_sector_1,182.0,5,Summer
2025-05-12,noida_sector_1,164.0,5,Summer
2025-05-13,noida_sector_1,175.0,5,Summer
2025-05-14,noida_sector_1,194.0,5,Summer
2025-05-15,noida_sector_1,140.0,5,Summer
2025-05-16,noida_sector_1,196.0,5,Summer
2025-05-17,noida_sector_1,205.0,5,Summer
2025-05-18,noida_sector_1,197.0,5,Summer
2025-05-19,noida_sector_1,143.0,5,Summer
2025-05-20,noida_sector_1,195.0,5,Summer
2025-05-21,noida_sector_1,145.0,5,Summer
2025-05-22,noida_sector_1,144.0,5,Summer
2025-05-23,noida_sector_1,126.0,5,Summer
2025-05-24,noida_sector_1,158.0,5,Summer
2025-05-25,noida_sector_1,187.0,5,Summer
2025-05-26,noida_sector_1,129.0,5,Summer
2025-05-27,noida_sector_1,132.0,5,Summer
2025-05-28,noida_sector_1,123.0,5,Summer
2025-05-29,noida_sector_1,133.0,5,Summer
2025-05-30,noida_sector_1,159.0,5,Summer
2025-05-31,noida_sector_1,125.0,5,Summer
2025-06-01,noida_sector_1,128.0,6,Summer
2025-06-02,noida_sector_1,124.0,6,Summer
2025-06-03,noida_sector_1,125.0,6,Summer
2025-06-04,noida_sector_1,129.0,6,Summer
2025-06-05,noida_sector_1,134.0,6,Summer
2025-06-06,noida_sector_1,119.0,6,Summer
2025-06-07,noida_sector_1,102.0,6,Summer
2025-06-08,noida_sector_1,112.0,6,Summer
2025-06-09,noida_sector_1,88.0,6,Summer
2025-06-10,noida_sector_1,84.0,6,Summer
2025-06-11,noida_sector_1,91.0,6,Summer
2025-06-12,noida_sector_1,99.0,6,Summer
2025-06-13,noida_sector_1,78.0,6,Summer
2025-06-14,noida_sector_1,100.0,6,Summer
2025-06-15,noida_sector_1,88.0,6,Summer
2025-06-16,noida_sector_1,99.0,6,Summer
2025-06-17,noida_sector_1,82.0,6,Summer
2025-06-18,noida_sector_1,81.0,6,Summer
2025-06-19,noida_sector_1,86.0,6,Summer
2025-06-20,noida_sector_1,74.0,6,Summer
2025-06-21,noida_sector_1,88.0,6,Summer
2025-06-22,noida_sector_1,82.0,6,Summer
2025-06-23,noida_sector_1,81.0,6,Summer
2025-06-24,noida_sector_1,79.0,6,Summer
2025-06-25,noida_sector_1,68.0,6,Summer
2025-06-26,noida_sector_1,69.0,6,Summer
2025-06-27,noida_sector_1,73.0,6,Summer
2025-06-28,noida_sector_1,65.0,6,Summer
2025-06-29,noida_sector_1,82.0,6,Summer
2025-06-30,noida_sector_1,69.0,6,Summer
2025-07-01,noida_sector_1,70.0,7,Monsoon
2025-07-02,noida_sector_1,77.0,7,Monsoon
2025-07-03,noida_sector_1,76.0,7,Monsoon
2025-07-04,noida_sector_1,67.0,7,Monsoon
2025-07-05,noida_sector_1,58.0,7,Monsoon
2025-07-06,noida_sector_1,77.0,7,Monsoon
2025-07-07,noida_sector_1,73.0,7,Monsoon
2025-07-08,noida_sector_1,77.0,7,Monsoon
2025-07-09,noida_sector_1,76.0,7,Monsoon
2025-07-10,noida_sector_1,80.0,7,Monsoon
2025-07-11,noida_sector_1,75.0,7,Monsoon
2025-07-12,noida_sector_1,77.0,7,Monsoon
2025-07-13,noida_sector_1,71.0,7,Monsoon
2025-07-14,noida_sector_1,71.0,7,Monsoon
2025-07-15,noida_sector_1,62.0,7,Monsoon
2025-07-16,noida_sector_1,62.0,7,Monsoon
2025-07-17,noida_sector_1,77.0,7,Monsoon
2025-07-18,noida_sector_1,66.0,7,Monsoon
2025-07-19,noida_sector_1,69.0,7,Monsoon
2025-07-20,noida_sector_1,71.0,7,Monsoon
2025-07-21,noida_sector_1,65.0,7,Monsoon
2025-07-22,noida_sector_1,64.0,7,Monsoon
2025-07-23,noida_sector_1,76.0,7,Monsoon
2025-07-24,noida_sector_1,68.0,7,Monsoon
2025-07-25,noida_sector_1,71.0,7,Monsoon
2025-07-26,noida_sector_1,64.0,7,Monsoon
2025-07-27,noida_sector_1,79.0,7,Monsoon
2025-07-28,noida_sector_1,87.0,7,Monsoon
2025-07-29,noida_sector_1,76.0,7,Monsoon
2025-07-30,noida_sector_1,78.0,7,Monsoon
2025-07-31,noida_sector_1,76.0,7,Monsoon
2025-08-01,noida_sector_1,67.0,8,Monsoon
2025-08-02,noida_sector_1,71.0,8,Monsoon
2025-08-03,noida_sector_1,78.0,8,Monsoon
2025-08-04,noida_sector_1,80.0,8,Monsoon
2025-08-05,noida_sector_1,87.0,8,Monsoon
2025-08-06,noida_sector_1,76.0,8,Monsoon
2025-08-07,noida_sector_1,81.0,8,Monsoon
2025-08-08,noida_sector_1,86.0,8,Monsoon
2025-08-09,noida_sector_1,81.0,8,Monsoon
2025-08-10,noida_sector_1,91.0,8,Monsoon
2025-08-11,noida_sector_1,84.0,8,Monsoon
2025-08-12,noida_sector_1,77.0,8,Monsoon
2025-08-13,noida_sector_1,91.0,8,Monsoon
2025-08-14,noida_sector_1,90.0,8,Monsoon
2025-08-15,noida_sector_1,98.0,8,Monsoon
2025-08-16,noida_sector_1,92.0,8,Monsoon
2025-08-17,noida_sector_1,114.0,8,Monsoon
2025-08-18,noida_sector_1,93.0,8,Monsoon
2025-08-19,noida_sector_1,87.0,8,Monsoon
2025-08-20,noida_sector_1,100.0,8,Monsoon
2025-08-21,noida_sector_1,104.0,8,Monsoon
2025-08-22,noida_sector_1,95.0,8,Monsoon
2025-08-23,noida_sector_1,98.0,8,Monsoon
2025-08-24,noida_sector_1,139.0,8,Monsoon
2025-08-25,noida_sector_1,97.0,8,Monsoon
2025-08-26,noida_sector_1,125.0,8,Monsoon
2025-08-27,noida_sector_1,117.0,8,Monsoon
2025-08-28,noida_sector_1,131.0,8,Monsoon
2025-08-29,noida_sector_1,112.0,8,Monsoon
2025-08-30,noida_sector_1,118.0,8,Monsoon
2025-08-31,noida_sector_1,136.0,8,Monsoon
2025-09-01,noida_sector_1,116.0,9,Monsoon
2025-09-02,noida_sector_1,167.0,9,Monsoon
2025-09-03,noida_sector_1,131.0,9,Monsoon
2025-09-04,noida_sector_1,158.0,9,Monsoon
2025-09-05,noida_sector_1,142.0,9,Monsoon
2025-09-06,noida_sector_1,117.0,9,Monsoon
2025-09-07,noida_sector_1,141.0,9,Monsoon
2025-09-08,noida_sector_1,189.0,9,Monsoon
2025-09-09,noida_sector_1,161.0,9,Monsoon
2025-09-10,noida_sector_1,181.0,9,Monsoon
2025-09-11,noida_sector_1,166.0,9,Monsoon
2025-09-12,noida_sector_1,146.0,9,Monsoon
2025-09-13,noida_sector_1,220.0,9,Monsoon
2025-09-14,noida_sector_1,172.0,9,Monsoon
2025-09-15,noida_sector_1,242.0,9,Monsoon
2025-09-16,noida_sector_1,173.0,9,Monsoon
2025-09-17,noida_sector_1,173.0,9,Monsoon
2025-09-18,noida_sector_1,199.0,9,Monsoon
2025-09-19,noida_sector_1,229.0,9,Monsoon
2025-09-20,noida_sector_1,202.0,9,Monsoon
2025-09-21,noida_sector_1,205.0,9,Monsoon
2025-09-22,noida_sector_1,198.0,9,Monsoon
2025-09-23,noida_sector_1,181.0,9,Monsoon
2025-09-24,noida_sector_1,153.0,9,Monsoon
2025-09-25,noida_sector_1,231.0,9,Monsoon
2025-09-26,noida_sector_1,176.0,9,Monsoon
2025-09-27,noida_sector_1,284.0,9,Monsoon
2025-09-28,noida_sector_1,231.0,9,Monsoon
2025-09-29,noida_sector_1,263.0,9,Monsoon
2025-09-30,noida_sector_1,301.0,9,Monsoon
2025-10-01,noida_sector_1,253.0,10,Post-Monsoon
2025-10-02,noida_sector_1,243.0,10,Post-Monsoon
2025-10-03,noida_sector_1,305.0,10,Post-Monsoon
2025-10-04,noida_sector_1,283.0,10,Post-Monsoon
2025-10-05,noida_sector_1,301.0,10,Post-Monsoon
2025-10-06,noida_sector_1,303.0,10,Post-Monsoon
2025-10-07,noida_sector_1,267.0,10,Post-Monsoon
2025-10-08,noida_sector_1,230.0,10,Post-Monsoon
2025-10-09,noida_sector_1,211.0,10,Post-Monsoon
2025-10-10,noida_sector_1,288.0,10,Post-Monsoon
2025-10-11,noida_sector_1,314.0,10,Post-Monsoon
2025-10-12,noida_sector_1,221.0,10,Post-Monsoon
2025-10-13,noida_sector_1,301.0,10,Post-Monsoon
2025-10-14,noida_sector_1,307.0,10,Post-Monsoon
2025-10-15,noida_sector_1,294.0,10,Post-Monsoon
2025-10-16,noida_sector_1,277.0,10,Post-Monsoon
2025-10-17,noida_sector_1,314.0,10,Post-Monsoon
2025-10-18,noida_sector_1,328.0,10,Post-Monsoon
2025-10-19,noida_sector_1,315.0,10,Post-Monsoon
2025-10-20,noida_sector_1,316.0,10,Post-Monsoon
2025-10-21,noida_sector_1,306.0,10,Post-Monsoon
2025-10-22,noida_sector_1,318.0,10,Post-Monsoon
2025-10-23,noida_sector_1,314.0,10,Post-Monsoon
2025-10-24,noida_sector_1,311.0,10,Post-Monsoon
2025-10-25,noida_sector_1,307.0,10,Post-Monsoon
2025-10-26,noida_sector_1,309.0,10,Post-Monsoon
2025-10-27,noida_sector_1,333.0,10,Post-Monsoon
2025-10-28,noida_sector_1,317.0,10,Post-Monsoon
2025-10-29,noida_sector_1,308.0,10,Post-Monsoon
2025-10-30,noida_sector_1,284.0,10,Post-Monsoon
2025-10-31,noida_sector_1,330.0,10,Post-Monsoon
2025-11-01,noida_sector_1,308.0,11,Winter
2025-11-02,noida_sector_1,328.0,11,Winter
2025-11-03,noida_sector_1,325.0,11,Winter
2025-11-04,noida_sector_1,320.0,11,Winter
2025-11-05,noida_sector_1,352.0,11,Winter
2025-11-06,noida_sector_1,324.0,11,Winter
2025-11-07,noida_sector_1,324.0,11,Winter
2025-11-08,noida_sector_1,306.0,11,Winter
2025-11-09,noida_sector_1,340.0,11,Winter
2025-11-10,noida_sector_1,329.0,11,Winter
2025-11-11,noida_sector_1,332.0,11,Winter
2025-11-12,noida_sector_1,344.0,11,Winter
2025-11-13,noida_sector_1,346.0,11,Winter
2025-11-14,noida_sector_1,330.0,11,Winter
2025-11-15,noida_sector_1,332.0,11,Winter
2025-11-16,noida_sector_1,342.0,11,Winter
2025-11-17,noida_sector_1,345.0,11,Winter
2025-11-18,noida_sector_1,323.0,11,Winter
2025-11-19,noida_sector_1,361.0,11,Winter
2025-11-20,noida_sector_1,326.0,11,Winter
2025-11-21,noida_sector_1,351.0,11,Winter
2025-11-22,noida_sector_1,301.0,11,Winter
2025-11-23,noida_sector_1,375.0,11,Winter
2025-11-24,noida_sector_1,342.0,11,Winter
2025-11-25,noida_sector_1,340.0,11,Winter
2025-11-26,noida_sector_1,385.0,11,Winter
2025-11-27,noida_sector_1,353.0,11,Winter
2025-11-28,noida_sector_1,352.0,11,Winter
2025-11-29,noida_sector_1,356.0,11,Winter
2025-11-30,noida_sector_1,324.0,11,Winter
2025-12-01,noida_sector_1,346.0,12,Winter
2025-12-02,noida_sector_1,359.0,12,Winter
2025-12-03,noida_sector_1,344.0,12,Winter
2025-12-04,noida_sector_1,330.0,12,Winter
2025-12-05,noida_sector_1,342.0,12,Winter
2025-12-06,noida_sector_1,324.0,12,Winter
2025-12-07,noida_sector_1,325.0,12,Winter
2025-12-08,noida_sector_1,400.0,12,Winter
2025-12-09,noida_sector_1,352.0,12,Winter
2025-12-10,noida_sector_1,390.0,12,Winter
2025-12-11,noida_sector_1,357.0,12,Winter
2025-12-12,noida_sector_1,349.0,12,Winter
2025-12-13,noida_sector_1,344.0,12,Winter
2025-12-14,noida_sector_1,358.0,12,Winter
2025-12-15,noida_sector_1,371.0,12,Winter
2025-12-16,noida_sector_1,360.0,12,Winter
2025-12-17,noida_sector_1,366.0,12,Winter
2025-12-18,noida_sector_1,354.0,12,Winter
2025-12-19,noida_sector_1,391.0,12,Winter
2025-12-20,noida_sector_1,353.0,12,Winter
2025-12-21,noida_sector_1,369.0,12,Winter
2025-12-22,noida_sector_1,357.0,12,Winter
2025-12-23,noida_sector_1,368.0,12,Winter
2025-12-24,noida_sector_1,397.0,12,Winter
2025-12-25,noida_sector_1,336.0,12,Winter
2025-12-26,noida_sector_1,394.0,12,Winter
2025-12-27,noida_sector_1,360.0,12,Winter
2025-12-28,noida_sector_1,358.0,12,Winter
2025-12-29,noida_sector_1,387.0,12,Winter
2025-12-30,noida_sector_1,361.0,12,Winter
2025-12-31,noida_sector_1,385.0,12,Winter
2026-01-01,noida_sector_1,382.0,1,Winter
2026-01-02,noida_sector_1,336.0,1,Winter
2026-01-03,noida_sector_1,325.0,1,Winter
2026-01-04,noida_sector_1,370.0,1,Winter
2026-01-05,noida_sector_1,352.0,1,Winter
2026-01-06,noida_sector_1,335.0,1,Winter
2026-01-07,noida_sector_1,327.0,1,Winter
2026-01-08,noida_sector_1,367.0,1,Winter
2026-01-09,noida_sector_1,375.0,1,Winter
2026-01-10,noida_sector_1,364.0,1,Winter
2026-01-11,noida_sector_1,358.0,1,Winter
2026-01-12,noida_sector_1,372.0,1,Winter
2026-01-13,noida_sector_1,366.0,1,Winter
2026-01-14,noida_sector_1,364.0,1,Winter
2026-01-15,noida_sector_1,397.0,1,Winter
2026-01-16,noida_sector_1,346.0,1,Winter
2026-01-17,noida_sector_1,371.0,1,Winter
2026-01-18,noida_sector_1,412.0,1,Winter
2026-01-19,noida_sector_1,377.0,1,Winter
2026-01-20,noida_sector_1,366.0,1,Winter
2026-01-21,noida_sector_1,359.0,1,Winter
2026-01-22,noida_sector_1,349.0,1,Winter
2026-01-23,noida_sector_1,359.0,1,Winter
2026-01-24,noida_sector_1,348.0,1,Winter
2026-01-25,noida_sector_1,355.0,1,Winter
2026-01-26,noida_sector_1,351.0,1,Winter
2026-01-27,noida_sector_1,336.0,1,Winter
2026-01-28,noida_sector_1,355.0,1,Winter
2026-01-29,noida_sector_1,371.0,1,Winter
2026-01-30,noida_sector_1,364.0,1,Winter
2026-01-31,noida_sector_1,359.0,1,Winter
2026-02-01,noida_sector_1,380.0,2,Winter
2026-02-02,noida_sector_1,381.0,2,Winter
2026-02-03,noida_sector_1,386.0,2,Winter
2026-02-04,noida_sector_1,379.0,2,Winter
2026-02-05,noida_sector_1,346.0,2,Winter
2026-02-06,noida_sector_1,350.0,2,Winter
2026-02-07,noida_sector_1,361.0,2,Winter
2026-02-08,noida_sector_1,386.0,2,Winter
2026-02-09,noida_sector_1,345.0,2,Winter
2026-02-10,noida_sector_1,377.0,2,Winter
2026-02-11,noida_sector_1,343.0,2,Winter
2026-02-12,noida_sector_1,350.0,2,Winter
2026-02-13,noida_sector_1,360.0,2,Winter
2026-02-14,noida_sector_1,348.0,2,Winter
2026-02-15,noida_sector_1,334.0,2,Winter
2026-02-16,noida_sector_1,351.0,2,Winter
2026-02-17,noida_sector_1,366.0,2,Winter
2026-02-18,noida_sector_1,342.0,2,Winter
2026-02-19,noida_sector_1,342.0,2,Winter
2026-02-20,noida_sector_1,352.0,2,Winter
2026-02-21,noida_sector_1,333.0,2,Winter
2026-02-22,noida_sector_1,347.0,2,Winter
2026-02-23,noida_sector_1,335.0,2,Winter
2026-02-24,noida_sector_1,344.0,2,Winter
2026-02-25,noida_sector_1,354.0,2,Winter
2026-02-26,noida_sector_1,342.0,2,Winter
2026-02-27,noida_sector_1,375.0,2,Winter
2026-02-28,noida_sector_1,347.0,2,Winter
2026-03-01,noida_sector_1,333.0,3,Spring
2026-03-02,noida_sector_1,359.0,3,Spring
2026-03-03,noida_sector_1,344.0,3,Spring
2026-03-04,noida_sector_1,318.0,3,Spring
2026-03-05,noida_sector_1,317.0,3,Spring
2026-03-06,noida_sector_1,343.0,3,Spring
2026-03-07,noida_sector_1,317.0,3,Spring
2026-03-08,noida_sector_1,357.0,3,Spring
2026-03-09,noida_sector_1,324.0,3,Spring
2026-03-10,noida_sector_1,322.0,3,Spring
2026-03-11,noida_sector_1,317.0,3,Spring
2026-03-12,noida_sector_1,362.0,3,Spring
2026-03-13,noida_sector_1,316.0,3,Spring
2026-03-14,noida_sector_1,333.0,3,Spring
2026-03-15,noida_sector_1,343.0,3,Spring
2026-03-16,noida_sector_1,327.0,3,Spring
2026-03-17,noida_sector_1,320.0,3,Spring
2026-03-18,noida_sector_1,315.0,3,Spring
2026-03-19,noida_sector_1,310.0,3,Spring
2026-03-20,noida_sector_1,354.0,3,Spring
2026-03-21,noida_sector_1,333.0,3,Spring
2026-03-22,noida_sector_1,335.0,3,Spring
2026-03-23,noida_sector_1,317.0,3,Spring
2026-03-24,noida_sector_1,323.0,3,Spring
2026-03-25,noida_sector_1,318.0,3,Spring
2026-03-26,noida_sector_1,333.0,3,Spring
2026-03-27,noida_sector_1,342.0,3,Spring
2026-03-28,noida_sector_1,312.0,3,Spring
2026-03-29,noida_sector_1,322.0,3,Spring
2026-03-30,noida_sector_1,293.0,3,Spring
2026-03-31,noida_sector_1,327.0,3,Spring
2026-04-01,noida_sector_1,322.0,4,Spring
2026-04-02,noida_sector_1,301.0,4,Spring
2026-04-03,noida_sector_1,307.0,4,Spring
2026-04-04,noida_sector_1,309.0,4,Spring
2026-04-05,noida_sector_1,310.0,4,Spring
2026-04-06,noida_sector_1,337.0,4,Spring
2026-04-07,noida_sector_1,291.0,4,Spring
2026-04-08,noida_sector_1,274.0,4,Spring
2026-04-09,noida_sector_1,279.0,4,Spring
2026-04-10,noida_sector_1,315.0,4,Spring
2026-04-11,noida_sector_1,305.0,4,Spring
2026-04-12,noida_sector_1,312.0,4,Spring
2026-04-13,noida_sector_1,311.0,4,Spring
2026-04-14,noida_sector_1,318.0,4,Spring
2026-04-15,noida_sector_1,304.0,4,Spring
2026-04-16,noida_sector_1,300.0,4,Spring
2026-04-17,noida_sector_1,235.0,4,Spring
2026-04-18,noida_sector_1,280.0,4,Spring
2026-04-19,noida_sector_1,239.0,4,Spring
2026-04-20,noida_sector_1,244.0,4,Spring
2026-04-21,noida_sector_1,318.0,4,Spring
2026-04-22,noida_sector_1,307.0,4,Spring
2026-04-23,noida_sector_1,204.0,4,Spring
2026-04-24,noida_sector_1,231.0,4,Spring
2026-04-25,noida_sector_1,209.0,4,Spring
2026-04-26,noida_sector_1,259.0,4,Spring
2026-04-27,noida_sector_1,234.0,4,Spring
2026-04-28,noida_sector_1,196.0,4,Spring
2026-04-29,noida_sector_1,243.0,4,Spring
2026-04-30,noida_sector_1,198.0,4,Spring
2026-05-01,noida_sector_1,199.0,5,Summer
2026-05-02,noida_sector_1,241.0,5,Summer
2026-05-03,noida_sector_1,158.0,5,Summer
2026-05-04,noida_sector_1,221.0,5,Summer
2026-05-05,noida_sector_1,179.0,5,Summer
2026-05-06,noida_sector_1,225.0,5,Summer
2026-05-07,noida_sector_1,175.0,5,Summer
2026-05-08,noida_sector_1,195.0,5,Summer
2026-05-09,noida_sector_1,177.0,5,Summer
2026-05-10,noida_sector_1,187.0,5,Summer
2026-05-11,noida_sector_1,169.0,5,Summer
2026-05-12,noida_sector_1,186.0,5,Summer
2026-05-13,noida_sector_1,206.0,5,Summer
2026-05-14,noida_sector_1,162.0,5,Summer
2026-05-15,noida_sector_1,170.0,5,Summer
2026-05-16,noida_sector_1,143.0,5,Summer
2026-05-17,noida_sector_1,151.0,5,Summer
2026-05-18,noida_sector_1,158.0,5,Summer
2026-05-19,noida_sector_1,139.0,5,Summer
2026-05-20,noida_sector_1,137.0,5,Summer
2026-05-21,noida_sector_1,151.0,5,Summer
2026-05-22,noida_sector_1,149.0,5,Summer
2026-05-23,noida_sector_1,171.0,5,Summer
2026-05-24,noida_sector_1,174.0,5,Summer
2026-05-25,noida_sector_1,136.0,5,Summer
2026-05-26,noida_sector_1,135.0,5,Summer
2026-05-27,noida_sector_1,129.0,5,Summer
2026-05-28,noida_sector_1,134.0,5,Summer
2026-05-29,noida_sector_1,126.0,5,Summer
2026-05-30,noida_sector_1,121.0,5,Summer
2026-05-31,noida_sector_1,120.0,5,Summer
2026-06-01,noida_sector_1,126.0,6,Summer
2026-06-02,noida_sector_1,127.0,6,Summer
2026-06-03,noida_sector_1,116.0,6,Summer
2026-06-04,noida_sector_1,128.0,6,Summer
2026-06-05,noida_sector_1,113.0,6,Summer
2026-06-06,noida_sector_1,132.0,6,Summer
2026-06-07,noida_sector_1,135.0,6,Summer
2026-06-08,noida_sector_1,113.0,6,Summer
2026-06-09,noida_sector_1,88.0,6,Summer
2026-06-10,noida_sector_1,83.0,6,Summer
2026-06-11,noida_sector_1,87.0,6,Summer
2026-06-12,noida_sector_1,90.0,6,Summer
2026-06-13,noida_sector_1,92.0,6,Summer
2026-06-14,noida_sector_1,81.0,6,Summer
2026-06-15,noida_sector_1,79.0,6,Summer
2026-06-16,noida_sector_1,92.0,6,Summer
2026-06-17,noida_sector_1,83.0,6,Summer
2026-06-18,noida_sector_1,66.0,6,Summer
2026-06-19,noida_sector_1,77.0,6,Summer
2026-06-20,noida_sector_1,74.0,6,Summer
2026-06-21,noida_sector_1,75.0,6,Summer
2026-06-22,noida_sector_1,79.0,6,Summer
2026-06-23,noida_sector_1,80.0,6,Summer
2026-06-24,noida_sector_1,68.0,6,Summer
2026-06-25,noida_sector_1,74.0,6,Summer
2026-06-26,noida_sector_1,92.0,6,Summer
2025-01-01,noida_sector_62,376.0,1,Winter
2025-01-02,noida_sector_62,362.0,1,Winter
2025-01-03,noida_sector_62,373.0,1,Winter
2025-01-04,noida_sector_62,389.0,1,Winter
2025-01-05,noida_sector_62,368.0,1,Winter
2025-01-06,noida_sector_62,368.0,1,Winter
2025-01-07,noida_sector_62,372.0,1,Winter
2025-01-08,noida_sector_62,370.0,1,Winter
2025-01-09,noida_sector_62,370.0,1,Winter
2025-01-10,noida_sector_62,405.0,1,Winter
2025-01-11,noida_sector_62,363.0,1,Winter
2025-01-12,noida_sector_62,350.0,1,Winter
2025-01-13,noida_sector_62,366.0,1,Winter
2025-01-14,noida_sector_62,339.0,1,Winter
2025-01-15,noida_sector_62,374.0,1,Winter
2025-01-16,noida_sector_62,357.0,1,Winter
2025-01-17,noida_sector_62,356.0,1,Winter
2025-01-18,noida_sector_62,382.0,1,Winter
2025-01-19,noida_sector_62,352.0,1,Winter
2025-01-20,noida_sector_62,361.0,1,Winter
2025-01-21,noida_sector_62,352.0,1,Winter
2025-01-22,noida_sector_62,360.0,1,Winter
2025-01-23,noida_sector_62,354.0,1,Winter
2025-01-24,noida_sector_62,380.0,1,Winter
2025-01-25,noida_sector_62,344.0,1,Winter
2025-01-26,noida_sector_62,347.0,1,Winter
2025-01-27,noida_sector_62,384.0,1,Winter
2025-01-28,noida_sector_62,349.0,1,Winter
2025-01-29,noida_sector_62,390.0,1,Winter
2025-01-30,noida_sector_62,370.0,1,Winter
2025-01-31,noida_sector_62,369.0,1,Winter
2025-02-01,noida_sector_62,334.0,2,Winter
2025-02-02,noida_sector_62,373.0,2,Winter
2025-02-03,noida_sector_62,393.0,2,Winter
2025-02-04,noida_sector_62,367.0,2,Winter
2025-02-05,noida_sector_62,359.0,2,Winter
2025-02-06,noida_sector_62,344.0,2,Winter
2025-02-07,noida_sector_62,366.0,2,Winter
2025-02-08,noida_sector_62,354.0,2,Winter
2025-02-09,noida_sector_62,359.0,2,Winter
2025-02-10,noida_sector_62,371.0,2,Winter
2025-02-11,noida_sector_62,347.0,2,Winter
2025-02-12,noida_sector_62,353.0,2,Winter
2025-02-13,noida_sector_62,348.0,2,Winter
2025-02-14,noida_sector_62,373.0,2,Winter
2025-02-15,noida_sector_62,341.0,2,Winter
2025-02-16,noida_sector_62,362.0,2,Winter
2025-02-17,noida_sector_62,352.0,2,Winter
2025-02-18,noida_sector_62,320.0,2,Winter
2025-02-19,noida_sector_62,344.0,2,Winter
2025-02-20,noida_sector_62,365.0,2,Winter
2025-02-21,noida_sector_62,366.0,2,Winter
2025-02-22,noida_sector_62,349.0,2,Winter
2025-02-23,noida_sector_62,350.0,2,Winter
2025-02-24,noida_sector_62,344.0,2,Winter
2025-02-25,noida_sector_62,341.0,2,Winter
2025-02-26,noida_sector_62,327.0,2,Winter
2025-02-27,noida_sector_62,323.0,2,Winter
2025-02-28,noida_sector_62,336.0,2,Winter
2025-03-01,noida_sector_62,367.0,3,Spring
2025-03-02,noida_sector_62,334.0,3,Spring
2025-03-03,noida_sector_62,344.0,3,Spring
2025-03-04,noida_sector_62,332.0,3,Spring
2025-03-05,noida_sector_62,321.0,3,Spring
2025-03-06,noida_sector_62,333.0,3,Spring
2025-03-07,noida_sector_62,340.0,3,Spring
2025-03-08,noida_sector_62,333.0,3,Spring
2025-03-09,noida_sector_62,334.0,3,Spring
2025-03-10,noida_sector_62,337.0,3,Spring
2025-03-11,noida_sector_62,338.0,3,Spring
2025-03-12,noida_sector_62,328.0,3,Spring
2025-03-13,noida_sector_62,326.0,3,Spring
2025-03-14,noida_sector_62,337.0,3,Spring
2025-03-15,noida_sector_62,348.0,3,Spring
2025-03-16,noida_sector_62,321.0,3,Spring
2025-03-17,noida_sector_62,339.0,3,Spring
2025-03-18,noida_sector_62,332.0,3,Spring
2025-03-19,noida_sector_62,311.0,3,Spring
2025-03-20,noida_sector_62,305.0,3,Spring
2025-03-21,noida_sector_62,322.0,3,Spring
2025-03-22,noida_sector_62,323.0,3,Spring
2025-03-23,noida_sector_62,342.0,3,Spring
2025-03-24,noida_sector_62,333.0,3,Spring
2025-03-25,noida_sector_62,320.0,3,Spring
2025-03-26,noida_sector_62,341.0,3,Spring
2025-03-27,noida_sector_62,329.0,3,Spring
2025-03-28,noida_sector_62,315.0,3,Spring
2025-03-29,noida_sector_62,313.0,3,Spring
2025-03-30,noida_sector_62,301.0,3,Spring
2025-03-31,noida_sector_62,305.0,3,Spring
2025-04-01,noida_sector_62,309.0,4,Spring
2025-04-02,noida_sector_62,310.0,4,Spring
2025-04-03,noida_sector_62,309.0,4,Spring
2025-04-04,noida_sector_62,308.0,4,Spring
2025-04-05,noida_sector_62,298.0,4,Spring
2025-04-06,noida_sector_62,315.0,4,Spring
2025-04-07,noida_sector_62,306.0,4,Spring
2025-04-08,noida_sector_62,313.0,4,Spring
2025-04-09,noida_sector_62,307.0,4,Spring
2025-04-10,noida_sector_62,325.0,4,Spring
2025-04-11,noida_sector_62,305.0,4,Spring
2025-04-12,noida_sector_62,310.0,4,Spring
2025-04-13,noida_sector_62,181.0,4,Spring
2025-04-14,noida_sector_62,319.0,4,Spring
2025-04-15,noida_sector_62,284.0,4,Spring
2025-04-16,noida_sector_62,287.0,4,Spring
2025-04-17,noida_sector_62,292.0,4,Spring
2025-04-18,noida_sector_62,294.0,4,Spring
2025-04-19,noida_sector_62,263.0,4,Spring
2025-04-20,noida_sector_62,272.0,4,Spring
2025-04-21,noida_sector_62,242.0,4,Spring
2025-04-22,noida_sector_62,233.0,4,Spring
2025-04-23,noida_sector_62,259.0,4,Spring
2025-04-24,noida_sector_62,231.0,4,Spring
2025-04-25,noida_sector_62,257.0,4,Spring
2025-04-26,noida_sector_62,213.0,4,Spring
2025-04-27,noida_sector_62,226.0,4,Spring
2025-04-28,noida_sector_62,191.0,4,Spring
2025-04-29,noida_sector_62,214.0,4,Spring
2025-04-30,noida_sector_62,206.0,4,Spring
2025-05-01,noida_sector_62,231.0,5,Summer
2025-05-02,noida_sector_62,220.0,5,Summer
2025-05-03,noida_sector_62,186.0,5,Summer
2025-05-04,noida_sector_62,171.0,5,Summer
2025-05-05,noida_sector_62,235.0,5,Summer
2025-05-06,noida_sector_62,184.0,5,Summer
2025-05-07,noida_sector_62,195.0,5,Summer
2025-05-08,noida_sector_62,145.0,5,Summer
2025-05-09,noida_sector_62,199.0,5,Summer
2025-05-10,noida_sector_62,217.0,5,Summer
2025-05-11,noida_sector_62,196.0,5,Summer
2025-05-12,noida_sector_62,223.0,5,Summer
2025-05-13,noida_sector_62,269.0,5,Summer
2025-05-14,noida_sector_62,133.0,5,Summer
2025-05-15,noida_sector_62,157.0,5,Summer
2025-05-16,noida_sector_62,182.0,5,Summer
2025-05-17,noida_sector_62,144.0,5,Summer
2025-05-18,noida_sector_62,171.0,5,Summer
2025-05-19,noida_sector_62,130.0,5,Summer
2025-05-20,noida_sector_62,154.0,5,Summer
2025-05-21,noida_sector_62,162.0,5,Summer
2025-05-22,noida_sector_62,152.0,5,Summer
2025-05-23,noida_sector_62,136.0,5,Summer
2025-05-24,noida_sector_62,144.0,5,Summer
2025-05-25,noida_sector_62,160.0,5,Summer
2025-05-26,noida_sector_62,127.0,5,Summer
2025-05-27,noida_sector_62,126.0,5,Summer
2025-05-28,noida_sector_62,122.0,5,Summer
2025-05-29,noida_sector_62,140.0,5,Summer
2025-05-30,noida_sector_62,139.0,5,Summer
2025-05-31,noida_sector_62,129.0,5,Summer
2025-06-01,noida_sector_62,126.0,6,Summer
2025-06-02,noida_sector_62,133.0,6,Summer
2025-06-03,noida_sector_62,123.0,6,Summer
2025-06-04,noida_sector_62,116.0,6,Summer
2025-06-05,noida_sector_62,116.0,6,Summer
2025-06-06,noida_sector_62,127.0,6,Summer
2025-06-07,noida_sector_62,122.0,6,Summer
2025-06-08,noida_sector_62,124.0,6,Summer
2025-06-09,noida_sector_62,131.0,6,Summer
2025-06-10,noida_sector_62,108.0,6,Summer
2025-06-11,noida_sector_62,96.0,6,Summer
2025-06-12,noida_sector_62,97.0,6,Summer
2025-06-13,noida_sector_62,88.0,6,Summer
2025-06-14,noida_sector_62,89.0,6,Summer
2025-06-15,noida_sector_62,87.0,6,Summer
2025-06-16,noida_sector_62,105.0,6,Summer
2025-06-17,noida_sector_62,98.0,6,Summer
2025-06-18,noida_sector_62,84.0,6,Summer
2025-06-19,noida_sector_62,80.0,6,Summer
2025-06-20,noida_sector_62,84.0,6,Summer
2025-06-21,noida_sector_62,86.0,6,Summer
2025-06-22,noida_sector_62,87.0,6,Summer
2025-06-23,noida_sector_62,85.0,6,Summer
2025-06-24,noida_sector_62,61.0,6,Summer
2025-06-25,noida_sector_62,72.0,6,Summer
2025-06-26,noida_sector_62,81.0,6,Summer
2025-06-27,noida_sector_62,83.0,6,Summer
2025-06-28,noida_sector_62,73.0,6,Summer
2025-06-29,noida_sector_62,89.0,6,Summer
2025-06-30,noida_sector_62,80.0,6,Summer
2025-07-01,noida_sector_62,64.0,7,Monsoon
2025-07-02,noida_sector_62,79.0,7,Monsoon
2025-07-03,noida_sector_62,68.0,7,Monsoon
2025-07-04,noida_sector_62,89.0,7,Monsoon
2025-07-05,noida_sector_62,72.0,7,Monsoon
2025-07-06,noida_sector_62,72.0,7,Monsoon
2025-07-07,noida_sector_62,81.0,7,Monsoon
2025-07-08,noida_sector_62,71.0,7,Monsoon
2025-07-09,noida_sector_62,74.0,7,Monsoon
2025-07-10,noida_sector_62,69.0,7,Monsoon
2025-07-11,noida_sector_62,69.0,7,Monsoon
2025-07-12,noida_sector_62,83.0,7,Monsoon
2025-07-13,noida_sector_62,75.0,7,Monsoon
2025-07-14,noida_sector_62,84.0,7,Monsoon
2025-07-15,noida_sector_62,70.0,7,Monsoon
2025-07-16,noida_sector_62,68.0,7,Monsoon
2025-07-17,noida_sector_62,61.0,7,Monsoon
2025-07-18,noida_sector_62,65.0,7,Monsoon
2025-07-19,noida_sector_62,75.0,7,Monsoon
2025-07-20,noida_sector_62,67.0,7,Monsoon
2025-07-21,noida_sector_62,66.0,7,Monsoon
2025-07-22,noida_sector_62,68.0,7,Monsoon
2025-07-23,noida_sector_62,72.0,7,Monsoon
2025-07-24,noida_sector_62,67.0,7,Monsoon
2025-07-25,noida_sector_62,68.0,7,Monsoon
2025-07-26,noida_sector_62,78.0,7,Monsoon
2025-07-27,noida_sector_62,68.0,7,Monsoon
2025-07-28,noida_sector_62,72.0,7,Monsoon
2025-07-29,noida_sector_62,84.0,7,Monsoon
2025-07-30,noida_sector_62,70.0,7,Monsoon
2025-07-31,noida_sector_62,74.0,7,Monsoon
2025-08-01,noida_sector_62,75.0,8,Monsoon
2025-08-02,noida_sector_62,72.0,8,Monsoon
2025-08-03,noida_sector_62,67.0,8,Monsoon
2025-08-04,noida_sector_62,94.0,8,Monsoon
2025-08-05,noida_sector_62,93.0,8,Monsoon
2025-08-06,noida_sector_62,70.0,8,Monsoon
2025-08-07,noida_sector_62,73.0,8,Monsoon
2025-08-08,noida_sector_62,79.0,8,Monsoon
2025-08-09,noida_sector_62,71.0,8,Monsoon
2025-08-10,noida_sector_62,82.0,8,Monsoon
2025-08-11,noida_sector_62,94.0,8,Monsoon
2025-08-12,noida_sector_62,87.0,8,Monsoon
2025-08-13,noida_sector_62,114.0,8,Monsoon
2025-08-14,noida_sector_62,87.0,8,Monsoon
2025-08-15,noida_sector_62,82.0,8,Monsoon
2025-08-16,noida_sector_62,92.0,8,Monsoon
2025-08-17,noida_sector_62,83.0,8,Monsoon
2025-08-18,noida_sector_62,102.0,8,Monsoon
2025-08-19,noida_sector_62,90.0,8,Monsoon
2025-08-20,noida_sector_62,99.0,8,Monsoon
2025-08-21,noida_sector_62,99.0,8,Monsoon
2025-08-22,noida_sector_62,82.0,8,Monsoon
2025-08-23,noida_sector_62,95.0,8,Monsoon
2025-08-24,noida_sector_62,92.0,8,Monsoon
2025-08-25,noida_sector_62,102.0,8,Monsoon
2025-08-26,noida_sector_62,107.0,8,Monsoon
2025-08-27,noida_sector_62,160.0,8,Monsoon
2025-08-28,noida_sector_62,113.0,8,Monsoon
2025-08-29,noida_sector_62,97.0,8,Monsoon
2025-08-30,noida_sector_62,102.0,8,Monsoon
2025-08-31,noida_sector_62,202.0,8,Monsoon
2025-09-01,noida_sector_62,102.0,9,Monsoon
2025-09-02,noida_sector_62,108.0,9,Monsoon
2025-09-03,noida_sector_62,110.0,9,Monsoon
2025-09-04,noida_sector_62,145.0,9,Monsoon
2025-09-05,noida_sector_62,137.0,9,Monsoon
2025-09-06,noida_sector_62,133.0,9,Monsoon
2025-09-07,noida_sector_62,151.0,9,Monsoon
2025-09-08,noida_sector_62,112.0,9,Monsoon
2025-09-09,noida_sector_62,109.0,9,Monsoon
2025-09-10,noida_sector_62,226.0,9,Monsoon
2025-09-11,noida_sector_62,155.0,9,Monsoon
2025-09-12,noida_sector_62,163.0,9,Monsoon
2025-09-13,noida_sector_62,181.0,9,Monsoon
2025-09-14,noida_sector_62,124.0,9,Monsoon
2025-09-15,noida_sector_62,191.0,9,Monsoon
2025-09-16,noida_sector_62,183.0,9,Monsoon
2025-09-17,noida_sector_62,181.0,9,Monsoon
2025-09-18,noida_sector_62,151.0,9,Monsoon
2025-09-19,noida_sector_62,205.0,9,Monsoon
2025-09-20,noida_sector_62,163.0,9,Monsoon
2025-09-21,noida_sector_62,218.0,9,Monsoon
2025-09-22,noida_sector_62,136.0,9,Monsoon
2025-09-23,noida_sector_62,231.0,9,Monsoon
2025-09-24,noida_sector_62,220.0,9,Monsoon
2025-09-25,noida_sector_62,223.0,9,Monsoon
2025-09-26,noida_sector_62,292.0,9,Monsoon
2025-09-27,noida_sector_62,280.0,9,Monsoon
2025-09-28,noida_sector_62,253.0,9,Monsoon
2025-09-29,noida_sector_62,274.0,9,Monsoon
2025-09-30,noida_sector_62,194.0,9,Monsoon
2025-10-01,noida_sector_62,265.0,10,Post-Monsoon
2025-10-02,noida_sector_62,243.0,10,Post-Monsoon
2025-10-03,noida_sector_62,256.0,10,Post-Monsoon
2025-10-04,noida_sector_62,263.0,10,Post-Monsoon
2025-10-05,noida_sector_62,309.0,10,Post-Monsoon
2025-10-06,noida_sector_62,298.0,10,Post-Monsoon
2025-10-07,noida_sector_62,266.0,10,Post-Monsoon
2025-10-08,noida_sector_62,238.0,10,Post-Monsoon
2025-10-09,noida_sector_62,211.0,10,Post-Monsoon
2025-10-10,noida_sector_62,205.0,10,Post-Monsoon
2025-10-11,noida_sector_62,241.0,10,Post-Monsoon
2025-10-12,noida_sector_62,301.0,10,Post-Monsoon
2025-10-13,noida_sector_62,302.0,10,Post-Monsoon
2025-10-14,noida_sector_62,301.0,10,Post-Monsoon
2025-10-15,noida_sector_62,229.0,10,Post-Monsoon
2025-10-16,noida_sector_62,298.0,10,Post-Monsoon
2025-10-17,noida_sector_62,309.0,10,Post-Monsoon
2025-10-18,noida_sector_62,273.0,10,Post-Monsoon
2025-10-19,noida_sector_62,317.0,10,Post-Monsoon
2025-10-20,noida_sector_62,302.0,10,Post-Monsoon
2025-10-21,noida_sector_62,300.0,10,Post-Monsoon
2025-10-22,noida_sector_62,307.0,10,Post-Monsoon
2025-10-23,noida_sector_62,324.0,10,Post-Monsoon
2025-10-24,noida_sector_62,308.0,10,Post-Monsoon
2025-10-25,noida_sector_62,282.0,10,Post-Monsoon
2025-10-26,noida_sector_62,305.0,10,Post-Monsoon
2025-10-27,noida_sector_62,306.0,10,Post-Monsoon
2025-10-28,noida_sector_62,311.0,10,Post-Monsoon
2025-10-29,noida_sector_62,319.0,10,Post-Monsoon
2025-10-30,noida_sector_62,321.0,10,Post-Monsoon
2025-10-31,noida_sector_62,312.0,10,Post-Monsoon
2025-11-01,noida_sector_62,328.0,11,Winter
2025-11-02,noida_sector_62,333.0,11,Winter
2025-11-03,noida_sector_62,327.0,11,Winter
2025-11-04,noida_sector_62,325.0,11,Winter
2025-11-05,noida_sector_62,328.0,11,Winter
2025-11-06,noida_sector_62,327.0,11,Winter
2025-11-07,noida_sector_62,337.0,11,Winter
2025-11-08,noida_sector_62,332.0,11,Winter
2025-11-09,noida_sector_62,334.0,11,Winter
2025-11-10,noida_sector_62,369.0,11,Winter
2025-11-11,noida_sector_62,338.0,11,Winter
2025-11-12,noida_sector_62,338.0,11,Winter
2025-11-13,noida_sector_62,328.0,11,Winter
2025-11-14,noida_sector_62,350.0,11,Winter
2025-11-15,noida_sector_62,320.0,11,Winter
2025-11-16,noida_sector_62,339.0,11,Winter
2025-11-17,noida_sector_62,320.0,11,Winter
2025-11-18,noida_sector_62,333.0,11,Winter
2025-11-19,noida_sector_62,325.0,11,Winter
2025-11-20,noida_sector_62,316.0,11,Winter
2025-11-21,noida_sector_62,323.0,11,Winter
2025-11-22,noida_sector_62,335.0,11,Winter
2025-11-23,noida_sector_62,334.0,11,Winter
2025-11-24,noida_sector_62,327.0,11,Winter
2025-11-25,noida_sector_62,335.0,11,Winter
2025-11-26,noida_sector_62,347.0,11,Winter
2025-11-27,noida_sector_62,347.0,11,Winter
2025-11-28,noida_sector_62,338.0,11,Winter
2025-11-29,noida_sector_62,335.0,11,Winter
2025-11-30,noida_sector_62,361.0,11,Winter
2025-12-01,noida_sector_62,337.0,12,Winter
2025-12-02,noida_sector_62,331.0,12,Winter
2025-12-03,noida_sector_62,346.0,12,Winter
2025-12-04,noida_sector_62,352.0,12,Winter
2025-12-05,noida_sector_62,350.0,12,Winter
2025-12-06,noida_sector_62,364.0,12,Winter
2025-12-07,noida_sector_62,348.0,12,Winter
2025-12-08,noida_sector_62,340.0,12,Winter
2025-12-09,noida_sector_62,342.0,12,Winter
2025-12-10,noida_sector_62,335.0,12,Winter
2025-12-11,noida_sector_62,363.0,12,Winter
2025-12-12,noida_sector_62,343.0,12,Winter
2025-12-13,noida_sector_62,364.0,12,Winter
2025-12-14,noida_sector_62,387.0,12,Winter
2025-12-15,noida_sector_62,359.0,12,Winter
2025-12-16,noida_sector_62,353.0,12,Winter
2025-12-17,noida_sector_62,353.0,12,Winter
2025-12-18,noida_sector_62,354.0,12,Winter
2025-12-19,noida_sector_62,348.0,12,Winter
2025-12-20,noida_sector_62,345.0,12,Winter
2025-12-21,noida_sector_62,345.0,12,Winter
2025-12-22,noida_sector_62,359.0,12,Winter
2025-12-23,noida_sector_62,340.0,12,Winter
2025-12-24,noida_sector_62,359.0,12,Winter
2025-12-25,noida_sector_62,365.0,12,Winter
2025-12-26,noida_sector_62,365.0,12,Winter
2025-12-27,noida_sector_62,354.0,12,Winter
2025-12-28,noida_sector_62,345.0,12,Winter
2025-12-29,noida_sector_62,350.0,12,Winter
2025-12-30,noida_sector_62,343.0,12,Winter
2025-12-31,noida_sector_62,320.0,12,Winter
2026-01-01,noida_sector_62,340.0,1,Winter
2026-01-02,noida_sector_62,337.0,1,Winter
2026-01-03,noida_sector_62,366.0,1,Winter
2026-01-04,noida_sector_62,347.0,1,Winter
2026-01-05,noida_sector_62,348.0,1,Winter
2026-01-06,noida_sector_62,335.0,1,Winter
2026-01-07,noida_sector_62,345.0,1,Winter
2026-01-08,noida_sector_62,364.0,1,Winter
2026-01-09,noida_sector_62,361.0,1,Winter
2026-01-10,noida_sector_62,341.0,1,Winter
2026-01-11,noida_sector_62,355.0,1,Winter
2026-01-12,noida_sector_62,395.0,1,Winter
2026-01-13,noida_sector_62,300.0,1,Winter
2026-01-14,noida_sector_62,361.0,1,Winter
2026-01-15,noida_sector_62,386.0,1,Winter
2026-01-16,noida_sector_62,361.0,1,Winter
2026-01-17,noida_sector_62,376.0,1,Winter
2026-01-18,noida_sector_62,343.0,1,Winter
2026-01-19,noida_sector_62,363.0,1,Winter
2026-01-20,noida_sector_62,369.0,1,Winter
2026-01-21,noida_sector_62,313.0,1,Winter
2026-01-22,noida_sector_62,337.0,1,Winter
2026-01-23,noida_sector_62,352.0,1,Winter
2026-01-24,noida_sector_62,357.0,1,Winter
2026-01-25,noida_sector_62,371.0,1,Winter
2026-01-26,noida_sector_62,359.0,1,Winter
2026-01-27,noida_sector_62,324.0,1,Winter
2026-01-28,noida_sector_62,356.0,1,Winter
2026-01-29,noida_sector_62,338.0,1,Winter
2026-01-30,noida_sector_62,376.0,1,Winter
2026-01-31,noida_sector_62,347.0,1,Winter
2026-02-01,noida_sector_62,357.0,2,Winter
2026-02-02,noida_sector_62,374.0,2,Winter
2026-02-03,noida_sector_62,327.0,2,Winter
2026-02-04,noida_sector_62,393.0,2,Winter
2026-02-05,noida_sector_62,362.0,2,Winter
2026-02-06,noida_sector_62,354.0,2,Winter
2026-02-07,noida_sector_62,342.0,2,Winter
2026-02-08,noida_sector_62,348.0,2,Winter
2026-02-09,noida_sector_62,344.0,2,Winter
2026-02-10,noida_sector_62,351.0,2,Winter
2026-02-11,noida_sector_62,343.0,2,Winter
2026-02-12,noida_sector_62,346.0,2,Winter
2026-02-13,noida_sector_62,359.0,2,Winter
2026-02-14,noida_sector_62,339.0,2,Winter
2026-02-15,noida_sector_62,361.0,2,Winter
2026-02-16,noida_sector_62,370.0,2,Winter
2026-02-17,noida_sector_62,360.0,2,Winter
2026-02-18,noida_sector_62,335.0,2,Winter
2026-02-19,noida_sector_62,357.0,2,Winter
2026-02-20,noida_sector_62,326.0,2,Winter
2026-02-21,noida_sector_62,350.0,2,Winter
2026-02-22,noida_sector_62,375.0,2,Winter
2026-02-23,noida_sector_62,334.0,2,Winter
2026-02-24,noida_sector_62,327.0,2,Winter
2026-02-25,noida_sector_62,368.0,2,Winter
2026-02-26,noida_sector_62,332.0,2,Winter
2026-02-27,noida_sector_62,369.0,2,Winter
2026-02-28,noida_sector_62,316.0,2,Winter
2026-03-01,noida_sector_62,334.0,3,Spring
2026-03-02,noida_sector_62,316.0,3,Spring
2026-03-03,noida_sector_62,315.0,3,Spring
2026-03-04,noida_sector_62,337.0,3,Spring
2026-03-05,noida_sector_62,356.0,3,Spring
2026-03-06,noida_sector_62,325.0,3,Spring
2026-03-07,noida_sector_62,309.0,3,Spring
2026-03-08,noida_sector_62,331.0,3,Spring
2026-03-09,noida_sector_62,316.0,3,Spring
2026-03-10,noida_sector_62,329.0,3,Spring
2026-03-11,noida_sector_62,323.0,3,Spring
2026-03-12,noida_sector_62,316.0,3,Spring
2026-03-13,noida_sector_62,289.0,3,Spring
2026-03-14,noida_sector_62,333.0,3,Spring
2026-03-15,noida_sector_62,330.0,3,Spring
2026-03-16,noida_sector_62,335.0,3,Spring
2026-03-17,noida_sector_62,331.0,3,Spring
2026-03-18,noida_sector_62,307.0,3,Spring
2026-03-19,noida_sector_62,321.0,3,Spring
2026-03-20,noida_sector_62,331.0,3,Spring
2026-03-21,noida_sector_62,334.0,3,Spring
2026-03-22,noida_sector_62,327.0,3,Spring
2026-03-23,noida_sector_62,273.0,3,Spring
2026-03-24,noida_sector_62,326.0,3,Spring
2026-03-25,noida_sector_62,313.0,3,Spring
2026-03-26,noida_sector_62,315.0,3,Spring
2026-03-27,noida_sector_62,317.0,3,Spring
2026-03-28,noida_sector_62,319.0,3,Spring
2026-03-29,noida_sector_62,306.0,3,Spring
2026-03-30,noida_sector_62,302.0,3,Spring
2026-03-31,noida_sector_62,315.0,3,Spring
2026-04-01,noida_sector_62,320.0,4,Spring
2026-04-02,noida_sector_62,315.0,4,Spring
2026-04-03,noida_sector_62,314.0,4,Spring
2026-04-04,noida_sector_62,306.0,4,Spring
2026-04-05,noida_sector_62,303.0,4,Spring
2026-04-06,noida_sector_62,295.0,4,Spring
2026-04-07,noida_sector_62,317.0,4,Spring
2026-04-08,noida_sector_62,300.0,4,Spring
2026-04-09,noida_sector_62,290.0,4,Spring
2026-04-10,noida_sector_62,313.0,4,Spring
2026-04-11,noida_sector_62,300.0,4,Spring
2026-04-12,noida_sector_62,285.0,4,Spring
2026-04-13,noida_sector_62,302.0,4,Spring
2026-04-14,noida_sector_62,300.0,4,Spring
2026-04-15,noida_sector_62,314.0,4,Spring
2026-04-16,noida_sector_62,247.0,4,Spring
2026-04-17,noida_sector_62,251.0,4,Spring
2026-04-18,noida_sector_62,266.0,4,Spring
2026-04-19,noida_sector_62,299.0,4,Spring
2026-04-20,noida_sector_62,300.0,4,Spring
2026-04-21,noida_sector_62,272.0,4,Spring
2026-04-22,noida_sector_62,184.0,4,Spring
2026-04-23,noida_sector_62,295.0,4,Spring
2026-04-24,noida_sector_62,306.0,4,Spring
2026-04-25,noida_sector_62,168.0,4,Spring
2026-04-26,noida_sector_62,240.0,4,Spring
2026-04-27,noida_sector_62,195.0,4,Spring
2026-04-28,noida_sector_62,149.0,4,Spring
2026-04-29,noida_sector_62,301.0,4,Spring
2026-04-30,noida_sector_62,175.0,4,Spring
2026-05-01,noida_sector_62,145.0,5,Summer
2026-05-02,noida_sector_62,225.0,5,Summer
2026-05-03,noida_sector_62,181.0,5,Summer
2026-05-04,noida_sector_62,204.0,5,Summer
2026-05-05,noida_sector_62,211.0,5,Summer
2026-05-06,noida_sector_62,277.0,5,Summer
2026-05-07,noida_sector_62,150.0,5,Summer
2026-05-08,noida_sector_62,291.0,5,Summer
2026-05-09,noida_sector_62,155.0,5,Summer
2026-05-10,noida_sector_62,152.0,5,Summer
2026-05-11,noida_sector_62,156.0,5,Summer
2026-05-12,noida_sector_62,221.0,5,Summer
2026-05-13,noida_sector_62,192.0,5,Summer
2026-05-14,noida_sector_62,175.0,5,Summer
2026-05-15,noida_sector_62,171.0,5,Summer
2026-05-16,noida_sector_62,140.0,5,Summer
2026-05-17,noida_sector_62,200.0,5,Summer
2026-05-18,noida_sector_62,166.0,5,Summer
2026-05-19,noida_sector_62,138.0,5,Summer
2026-05-20,noida_sector_62,154.0,5,Summer
2026-05-21,noida_sector_62,163.0,5,Summer
2026-05-22,noida_sector_62,147.0,5,Summer
2026-05-23,noida_sector_62,196.0,5,Summer
2026-05-24,noida_sector_62,121.0,5,Summer
2026-05-25,noida_sector_62,122.0,5,Summer
2026-05-26,noida_sector_62,133.0,5,Summer
2026-05-27,noida_sector_62,126.0,5,Summer
2026-05-28,noida_sector_62,121.0,5,Summer
2026-05-29,noida_sector_62,133.0,5,Summer
2026-05-30,noida_sector_62,134.0,5,Summer
2026-05-31,noida_sector_62,139.0,5,Summer
2026-06-01,noida_sector_62,111.0,6,Summer
2026-06-02,noida_sector_62,123.0,6,Summer
2026-06-03,noida_sector_62,122.0,6,Summer
2026-06-04,noida_sector_62,126.0,6,Summer
2026-06-05,noida_sector_62,109.0,6,Summer
2026-06-06,noida_sector_62,133.0,6,Summer
2026-06-07,noida_sector_62,120.0,6,Summer
2026-06-08,noida_sector_62,121.0,6,Summer
2026-06-09,noida_sector_62,88.0,6,Summer
2026-06-10,noida_sector_62,86.0,6,Summer
2026-06-11,noida_sector_62,92.0,6,Summer
2026-06-12,noida_sector_62,81.0,6,Summer
2026-06-13,noida_sector_62,86.0,6,Summer
2026-06-14,noida_sector_62,75.0,6,Summer
2026-06-15,noida_sector_62,81.0,6,Summer
2026-06-16,noida_sector_62,95.0,6,Summer
2026-06-17,noida_sector_62,79.0,6,Summer
2026-06-18,noida_sector_62,82.0,6,Summer
2026-06-19,noida_sector_62,81.0,6,Summer
2026-06-20,noida_sector_62,85.0,6,Summer
2026-06-21,noida_sector_62,69.0,6,Summer
2026-06-22,noida_sector_62,97.0,6,Summer
2026-06-23,noida_sector_62,82.0,6,Summer
2026-06-24,noida_sector_62,90.0,6,Summer
2026-06-25,noida_sector_62,74.0,6,Summer
2026-06-26,noida_sector_62,78.0,6,Summer
2026-06-27,noida_sector_62,75.0,6,Summer
